"","(Intercept)_lm","V1_lm","V2_lm","V3_lm","V4_lm","V5_lm","V6_lm","V7_lm","V8_lm","(Intercept)_lasso","V1_lasso","V2_lasso","V3_lasso","V4_lasso","V5_lasso","V6_lasso","V7_lasso","V8_lasso","V1_lasso_diff","V2_lasso_diff","V3_lasso_diff","V4_lasso_diff","V5_lasso_diff","V6_lasso_diff","V7_lasso_diff","V8_lasso_diff","(Intercept)_lasso_diff"
"my_estimates",-2.31516188450348,-0.560007246676705,6.33683162139957,-0.753615307255366,5.0445667197439,5.04511754416285,4.95843798474058,0.258695639314149,-0.108896248568984,3.8510043,0,4.5427157,0.1851697,4.7959077,4.9365831,4.9335864,0,0,0.04752018,4.68949114,0,4.71072773,4.92164399,4.95412087,0,0,4.90400671
"my_estimates.1",-1.05330399625434,-1.27211945376877,6.51558327449828,-1.17185373524416,5.09763838882419,4.96255824207672,4.96857081522577,-0.136765656735061,0.708393967223074,5.16912753389633,0,4.73835965138648,0.0507242354094672,4.63185557553265,4.94353281661833,4.93346949608128,0,0,0.0536942467320247,4.76298998011676,0,4.77327684453596,4.96282731331438,4.91524733440087,0,0,4.17092190454384
"my_estimates.2",5.23309101406024,0.391825604603302,3.31047277811399,1.61924199955494,4.6165718657704,5.0723453235144,5.01461761523308,0.107386804566421,-0.436586486500725,2.93292894959264,0.0850477600076751,4.73074395097384,0,4.87695233168916,4.88261041651022,4.94989707141985,0,0,0,4.83747829857883,0,4.87563737958867,4.9167289578661,4.93005955846935,0,0,2.82520444545093
"my_estimates.3",0.594881190600502,-0.279717306978578,4.23019028504076,0.745102218689949,5.14965727188559,5.0004118278865,5.00019544746235,-0.0652788401186026,-0.0935685309504359,3.36412066850595,0,4.52074657439277,0.277364875783084,4.85333456533708,4.97426269942566,4.92579691692782,0,0,0,4.59823015974858,0.253461710668537,4.82677049116789,4.93387763609414,4.92060408662814,0,0,3.20115841771509
"my_estimates.4",-6.45840052390905,0.399058701342934,4.32606439789208,0.965931966472536,5.76704012778954,5.05575688686656,5.00913124310398,-0.422217954811741,-0.695303159456583,3.61274565252388,0,4.72444538223712,0.0573191902873451,4.81425156078852,4.97272166163295,4.91003781700881,0,0,0,4.691532748548,0,4.68725680624129,4.89736059435049,4.94524604651084,0,0,5.40840144699951
"my_estimates.5",2.63443380489973,-0.342663086689663,4.98604380497226,-0.182942255674509,4.83417254693996,4.97675197926397,5.02284652813451,0.0898650114720216,0.135140731918189,4.71435967277006,0,4.76655002325215,0,4.70531953259713,4.92738439575193,4.96095185779254,0,0,0,4.73295260252103,0,4.75869827885158,4.94508338747984,4.97132693693158,0,0,4.33231227773578
"my_estimates.6",-10.8302053182053,0.136303026684546,7.01407803448271,-1.91372089575447,5.26590790073257,5.10069822533401,5.03033058917321,0.219764667015933,1.07345830061335,3.96413839433685,0,4.49188121336297,0.323761670913141,4.79420832773721,4.91851197252527,4.89696305277071,0,0,0,4.72895713742332,0,4.90178719311999,4.93007068947904,4.93728223135032,0,0,2.98994342108579
"my_estimates.7",-0.537655521295347,-0.0918701694393238,5.70289205925402,-0.363669529201453,4.86480397766024,5.00934958459552,5.06994654366392,0.222751135250147,-0.359784521360827,3.19961299038876,0,4.70092734033143,0,4.87898563540755,4.93549955935896,4.95074833776606,0,0,0,4.7647930776493,0,4.65006558787877,4.90315132774706,4.89969717967335,0,0,5.82602753952333
"my_estimates.8",12.0415495750321,0.386379084129514,3.59336979772576,0.923957237516811,4.64196974538485,5.02357988111693,4.95847968795115,-0.496619061790701,-1.10204236902043,2.3617620942412,0,4.91285656734316,0,4.87111543190407,4.9414396167282,4.93869738452468,0,0,0,4.76797955050391,0,4.81116397334347,4.86764014644354,4.93259645119147,0,0,4.16802565731828
"my_estimates.9",0.848951600654937,1.05140191064949,2.89698525176122,1.11725910094618,4.72292368260818,5.09914509662515,5.05033441544835,0.0736163864344246,0.38413714735828,3.16310400225392,0,4.74703610356688,0,4.86788290693336,4.92211457285547,4.95822778874703,0,0,0,4.7652681197617,0,4.68166865432087,4.90441667594469,4.93030279926444,0,-0.129217690145384,6.14861829022782
"my_estimates.10",-5.44993070193986,0.142053365300806,6.40605026814173,-1.11907930834476,4.84865142797493,5.00885203425058,5.10400874169367,0.107611295509396,0.868397663437288,3.30309119282247,0,4.87984374496627,0,4.82236418978019,4.93060458774774,4.93169951442774,0,0,0,4.70237252060842,0,4.80050057937279,4.9087224549507,4.96571151973472,0,0,3.99528610675315
"my_estimates.11",-0.437649440702491,0.355261935919211,5.35821598756684,-0.419331799719607,4.9070719488737,5.04154380133762,4.98002483639386,0.120728205405052,0.0694163623286925,4.50152502970109,0.103836190703765,4.65910893878217,0,4.76373093808186,4.88438122774687,4.9359410954116,0,0,0,4.65763761939939,0,4.64950836205636,4.90806017434423,4.92541949285028,0,0,5.98280773350907
"my_estimates.12",1.72978860474513,0.144383411313839,4.00109723355727,0.915953227703022,4.98141490618342,5.10558401255554,4.95071415234864,0.0146558752794808,-0.355170036198388,3.00200009863142,0,4.75029316526699,0,4.89037015953178,4.97111837389529,4.93721284772122,0,0,0,4.65177170361968,0,4.73839634342579,4.92409902627308,4.95627896531331,0,0,5.0122040552303
"my_estimates.13",-1.33693449743508,0.157461081784276,3.49929715176038,1.36779931645417,5.28654137072729,4.9379993868485,5.02362949120561,-0.425070187732752,-0.298415548743874,1.56364676447898,0,4.95894731991604,0,4.87685826679827,4.94220810760048,4.98268176822138,0,0,0,4.80141345699759,0,4.79175783562218,4.94406894339156,4.94188069863837,0,0,3.8035211840582
"my_estimates.14",1.36756404279843,-0.282970794687899,5.81717178288138,-0.821015797646367,5.15107033513878,5.18050686726273,5.0414040643962,0.0673493997320199,-0.281522070392514,4.92843966724914,0,4.78029212671869,0,4.65648221586665,4.94959007989298,4.9459694247306,0,0,0.147470198522128,4.69101126935021,0,4.88749036909845,4.94023153143389,4.91694681311104,0,0,2.85606460526488
"my_estimates.15",0.989369688672187,0.0203199178016595,3.80466939550074,1.10085962088719,4.84296527597623,4.97008518497598,4.9534948183228,0.50511854507952,-0.0380727594503828,2.52537072100386,0,4.74852321155962,0,4.93381326038658,4.93587857097443,4.94676216040326,0,0,0,4.76657189691698,0,4.70785701520028,4.90979015987275,4.92722242461229,0,-0.026548684741791,5.22990927191931
"my_estimates.16",-1.77630494523626,-0.456487948400243,5.89049866244841,0.0663508631456314,4.96640413108381,5.04060353682011,4.95718499062567,-0.129303954847207,0.132553937284653,4.74490996562836,0,4.66213884436141,0,4.80197680186446,4.89301830503936,4.93496781963467,0,0,0,4.69524874013741,0.000265825345109762,4.71092887178894,4.88254033260205,4.9138129676079,0,0,5.42263192023879
"my_estimates.17",-9.37947918445779,0.380391510823814,5.6002326533635,-0.907849786219651,5.81052984543254,5.0363811038689,5.00328412007445,-0.285535191452265,0.439179747678835,4.81069699057449,0,4.70935231253428,0,4.76873239997956,4.89675977180847,4.92342964069763,0,0,0,4.64229155433703,0,4.73748154203045,4.97290293183084,4.93577101594277,0,0,4.9996134205159
"my_estimates.18",1.09537838666609,-0.561288828603071,4.74191416203528,0.508498349177392,4.79588753627919,5.24679136241642,4.99823156903388,0.370057219111756,0.124488596670621,-0.078959058069713,0,4.94286461012995,0,5.10293680177875,4.94378144727236,4.93033635290543,0,0,0.0136075320446772,4.69320423593906,0,4.52913257496743,4.88944867845512,4.91144979469552,0,0,7.13747706031657
"my_estimates.19",-7.85476828338227,0.2220669643051,4.75936327990272,0.209433150767014,5.15006365926031,5.0519354202331,4.89570562192921,0.0424981532830785,1.01489272025069,2.17321289130225,0,4.6841869779926,0,4.98209908854777,4.92610620501416,4.93846665036179,0,0,0,4.56214811294554,0.0933104550228159,4.76817310319687,4.87185313460426,4.92802019072964,0,0,4.96481827300623
"my_estimates.20",-3.62521713149256,-0.952478950379253,6.68043056906075,-0.980811452051249,5.13647026594146,4.92829538131986,4.97637852805426,0.083605560367496,0.353740690540339,4.32159494894007,0.0646428332654972,4.71233450218952,0,4.78886395082293,4.921591783415,4.93210289581568,0,0,0,4.62633335354574,0,4.67985651015985,4.92900749777564,4.93568760434635,0,0,5.70258742765194
"my_estimates.21",-0.174914996407874,0.00466499603902862,6.50545278413358,-1.87836277921239,5.14804974776344,5.06846278837206,5.07402996400296,-0.272639693848344,0.215077161398993,3.12888995136437,0,4.62508198291593,0.226537417635761,4.82408131332511,4.90717478968629,4.91253782093181,0,0,0,4.7771063836912,0,4.90927335030521,4.95860689664898,4.97747677964015,0,0,2.21502590528875
"my_estimates.22",-4.70578619689937,0.427012503656603,4.86673832087163,0.127031667077843,5.19647549213822,4.96337880532136,4.96260717750899,-0.248662289858626,0.524373605208528,3.77480899503168,0.00712279607843468,4.84581927798539,0,4.7509082007901,4.93233416448638,4.95028831107232,0,0,0,4.64963190945879,0,4.82641529968561,4.92297499293025,4.92169123363186,0,0,4.308423303576
"my_estimates.23",-3.44623283442748,-0.005498996520896,5.36626547821826,0.213501378183854,5.07747917631461,5.20359244025887,5.00762125333801,-0.164734940109817,-0.291902121897896,4.29811078827909,0.00237607450757849,4.72074310257368,0,4.81210802378163,4.93575644231235,4.91694712852157,0,0,0,4.82170037039076,0,4.59870032130256,4.88971586498511,4.88947338524837,0,0,6.07058095792043
"my_estimates.24",2.24277815994435,0.371266121146727,4.93149830877133,0.0410420919679064,4.90454705976914,4.7468595681174,4.88511763772081,-0.0574133961651904,-0.149146145032486,5.78997681105331,0,4.68932546111308,0,4.66510948594698,4.88078304502984,4.92343611442798,0,0,0,4.88023492021331,0,4.68674449736263,4.9242527769335,4.93247643491531,0,0,4.63642435148083
"my_estimates.25",-10.6804728030473,-0.322178219209846,5.39114717991813,-0.134462476306988,5.46970864146391,5.01162513308393,4.96289124486464,-0.177792762147929,1.43294322277939,5.10256588098023,0,4.36418188519037,0.415253877592582,4.65598473799936,4.96682565398749,4.94538846592247,0,0,0,4.56793230028984,0.0682741163636457,4.59368844865178,4.87139541824883,4.90068536848638,0,0,6.89603956285445
"my_estimates.26",-3.34394616187144,0.694541052000928,4.50544649400133,-0.220342317403084,5.28636561870838,4.9626621752164,4.99061073994251,0.0203020527379503,0.199803043872676,4.031318285873,0,4.74255143276442,0,4.79704939630429,4.90816074651285,4.92455885354005,0,0,0,4.5995446771178,0,4.8311531469146,4.94795945966088,4.92060575271438,0,0,4.59824011820687
"my_estimates.27",7.31810273024424,-0.0494458325292563,4.66398921429488,0.602180822081787,4.59291924591944,4.97267199883833,4.93948506754275,0.0202025065508028,-0.658645566345916,3.2889940217406,0.0702069932585385,4.66007701972075,0,4.82405803331908,4.94906310680627,4.98848588711335,0,0,0,4.71870693246379,0,4.76611017916727,4.90352062128012,4.90729637076669,0,0,5.10402937134454
"my_estimates.28",-5.2363435578149,-0.273856121007638,6.27442042750341,-0.754552573571139,4.95349901477595,4.93821912229332,5.11577115630014,-0.0705678003522252,0.816252075637366,3.91086994935456,0,4.80293012943477,0,4.78776860438825,4.90913050375405,4.91895971093054,0,0,0.0771774670129241,4.77188913099688,0.000465590393487179,4.77378635126861,4.92454147640748,4.93268544899271,0,0,3.90961030703755
"my_estimates.29",2.12029076499608,0.0206655862008603,4.67859670064047,0.154449197306224,4.98907308616151,4.93688134097446,5.05410735658385,-0.275261866387653,-0.141005953889061,3.54092776846977,0.00894910973308116,4.65142032322091,0.022339547433534,4.87388548378542,4.93608486013656,4.95660525542962,0,0,0,4.76763167739357,0,4.75977752169366,4.90101646763855,4.93145651257598,0,0,4.12423639203527
"my_estimates.30",5.9350246556645,0.538633430296948,4.7317509696036,-0.630773372860657,5.29705653390058,4.97291512291382,4.93153691432608,-0.0876769988630119,-1.00588677076205,4.31319040309944,0,4.70141479105857,0,4.82319490030478,4.92222598162538,4.91305281934076,0,0,0,4.7396038674276,0,4.78958847028209,4.91037426399893,4.96721677546433,0,0,4.10392719738158
"my_estimates.31",3.69543319898972,0.773099355796161,4.16640298988583,0.143779732686217,5.12493234906649,5.0355638637706,4.97659029291383,-0.0643978624668687,-0.892745034197607,4.36827951294266,0,4.81757002279266,0,4.78684223381852,4.88489080843216,4.92538596544932,0,0,0,4.72470733834095,0,4.61731867211426,4.92379341368821,4.92056732766473,0,0,6.03042067936529
"my_estimates.32",6.54828077580197,0.041333276954268,4.56554767139026,0.0443884918202582,4.62300770938615,5.10155632194223,5.07017819215795,0.0796254480487824,-0.462390495513718,3.42173829809534,0,4.71765081483607,0,4.83262166005987,4.93473227083158,4.94847980571546,0,0,0,4.63857293063467,0,4.76280256484854,4.90067901984438,4.91739067397672,0,0,5.05720664801835
"my_estimates.33",-14.5794694861789,0.445290967659239,7.00816629356674,-1.85987142814081,5.53040733590909,5.01395639276106,5.0186521922867,0.102013424537192,1.02669856057213,4.42479000243835,0,4.62890406373022,0,4.80009175849016,4.96845985582693,4.95955658917899,0,0,0,4.80449963171429,0,4.73304280076524,4.91933275066033,4.92645784384572,0,0,4.37725597031504
"my_estimates.34",2.84948762009354,0.318460096683692,4.41394042848303,0.508564330855478,5.048819934885,4.96325608583041,4.82622417570422,0.0511470554142188,-0.513515275526557,3.95454155883932,0,4.83780317811298,0,4.7200905319103,4.89178927086847,4.98747863593529,0,0,0.00934451746121532,4.72359258532774,0,4.59354878365037,4.9184427975707,4.93689123542055,0,0,6.41954613947527
"my_estimates.35",-1.25008233839644,-0.43165486114835,5.3485052540762,-0.333252149068199,5.18419418048038,4.90854719148393,4.98734686069513,0.0587416348201972,0.149983225363676,3.33089554548377,0.00482062464895992,4.83772630422716,0,4.82485913980085,4.95192571246745,4.92837510283113,0,0,0,4.65758742220109,0,4.59011665569181,4.90621086422822,4.94267554050265,0,0,6.78099922404306
"my_estimates.36",-1.82760993072344,-0.317111963162388,5.25999312837209,0.399388180153742,4.78294395607755,5.10884956369904,5.01864049512268,0.139813946462118,0.196775858989987,3.53976166633203,0,4.81835514809617,0.016523221493084,4.79487149600501,4.89580259376374,4.95014992887016,0,0,0.0646507523686029,4.68521863680491,0,4.69864065450667,4.93337013676253,4.95031025911244,0,0,5.21439406537295
"my_estimates.37",-0.761404481565376,0.622706516034971,5.34740280983311,-0.678826950210979,4.6577553777205,5.08009840588515,5.03448357296214,-0.13078506984185,0.536987523258379,3.37842685738416,0,4.82207524365573,0,4.82850185944625,4.9487253351483,4.94300735719811,0,0,0,4.70742587813805,0,4.69340093066442,4.89482966061379,4.98205175581013,0,0,5.30069194489159
"my_estimates.38",-3.86831693416257,-0.262845843754807,6.3805722251216,-1.28019052205959,5.09929723100029,4.94514170584393,4.94807879430487,-0.145024439087583,0.748344461542567,4.90459519447144,0,4.3456148025833,0.393587974696594,4.69340058646372,4.94441969455078,4.93851967578008,0,0,0,4.78964696746985,0,4.77397174296918,4.96324415956672,4.9564572060783,0,0,3.96748854136955
"my_estimates.39",5.80492553756504,0.0512490919107411,5.03828595123221,-0.0738765986930123,4.79391444974925,4.96290586199522,5.04362620287239,-0.051214500535333,-0.745068749815672,5.02611285908839,0,4.699704741932,0,4.73711135087783,4.91486179121589,4.91103959653538,0,0,0,4.70284958371944,0,4.75079195019764,4.88496778288508,4.94770183953957,0,0,4.84589214087143
"my_estimates.40",0.545103474199753,0.53637539151471,3.9225219662507,0.929819573472211,5.0165132370908,5.07184992164579,4.88763101911877,0.374340493630755,-0.324101865435978,6.26637867903016,0,4.7528186882058,0,4.5761782099239,4.89509769740417,4.93821059136179,0,0,0.158375562336089,4.69451829120397,0,4.83037774318121,4.94158848027218,4.90138174123681,0,0,3.82164063095046
"my_estimates.41",2.68599699200154,0.130463792343392,4.65191814919166,-0.291492432272996,4.86926013778678,5.06024519370929,4.98016186949393,-0.283632017723423,0.463359432889012,5.18110405408425,0,4.63100952953167,0,4.74983823329076,4.90333628216451,4.9309462875583,0,0,0.00970626856860461,4.57875884497626,0,4.74737946282518,4.93571976503152,4.94593033896288,0,0,5.53600250320364
"my_estimates.42",-0.782297108064207,-0.040143705333036,5.23184240188134,-0.516153889307131,5.42420244569004,4.87394005590558,4.90928421377446,-0.478921634676092,0.200391530369081,3.49404654844347,0,4.76666010327282,0,4.78927542328129,4.96525079242065,4.93300808848981,0,0,0,4.59585208293146,0,4.60727313521521,4.88310838011632,4.92657725665826,0,0,6.8413817819813
"my_estimates.43",-3.36672084815329,-0.00294692047976287,5.78179530107385,-1.07799596358295,4.90394587298744,4.9241275845058,5.05144734911737,0.164160650668442,0.971604955939435,5.58946221015369,0,4.73703991827723,0,4.64384014000001,4.90572033282696,4.94619684829071,0,0,0,4.69418762678483,0,4.71559327672,4.93703729932905,4.97937880176016,0,0,4.68510260306982
"my_estimates.44",2.69474953022918,-0.428526104190224,5.72416590667631,-0.605840136881737,5.30655347567238,4.92353216220072,5.07786129690097,-0.132675329231152,-0.788458365204764,3.14055349881713,0,4.77949450802783,0,4.85360308409737,4.92923072094741,4.94878089911467,0,0,0,4.74224366935531,0,4.83562524590057,4.92895030401942,4.90878340622349,0,0,3.99668974052947
"my_estimates.45",0.960886538298264,0.600192750437896,3.91303296596748,0.103813028348975,5.39070389693413,5.02061103604426,4.98126011479563,0.166907127281974,-0.45505878045596,4.754709472295,0,4.60459355859317,0,4.81442404431793,4.9107283612476,4.92365785429429,0,0,0.0924843327148777,4.68231294683146,0,4.65748257998711,4.89887746055358,4.93142691963042,0,0,5.20648735873929
"my_estimates.46",-4.59359352699156,-0.488141591039296,4.55716214447476,0.822574895558108,5.40330215818035,4.93037357323669,4.99900369297064,-0.0823990255625554,0.109910165631201,4.23361138989254,0.0572053756448507,4.75466705660014,0.00203818573329184,4.73923017367783,4.92330151727891,4.95680078484473,0,0,0,4.75889611416661,0.114550608608595,4.68492806266638,4.90920758962621,4.9491816428742,0,0,4.60622251237884
"my_estimates.47",4.29862843419203,0.0340376993546626,6.2428417316818,-1.49433564067783,5.33402428522422,4.99468169831896,5.02876915321601,-0.167189993536605,-1.17920441864783,4.76350666252288,0,4.71627141848791,0,4.69409188706683,4.93577131819458,4.94931005043631,0,0,0,4.64110457175608,0,4.82924369105863,4.90450147871022,4.90721525556992,0,0,4.7321437331283
"my_estimates.48",-9.07712629319844,-0.0665058313901628,5.90852146830261,-0.489821235415863,5.29415330274003,5.02486525924703,4.98509223577255,0.157619654459866,0.934456868679122,3.25063357448426,0,4.91603661084824,0,4.79469637590589,4.9696659050893,4.92246133436577,0,0,0,4.76020215714083,0,4.78813849137847,4.94577740472922,4.92163755619587,0,0,3.64042979185741
"my_estimates.49",10.7274639275666,-0.17722516225125,3.81085191274854,0.907332725388769,3.95611706212565,4.78986751943554,5.02660119357346,-0.0829264211775152,0.469025925825533,2.06058512466657,0.043789761787537,4.91787859810772,0,4.85422546411929,4.95602913583136,4.95972559347974,0,0,0,4.73956050778573,0,4.56256808928139,4.9329146083358,4.96819525462505,0,0,6.05738141992902
"my_estimates.50",-1.65930295806659,0.720980411430927,4.05535047267373,0.906658143486266,5.38706335059771,5.11425647195613,4.99185339820409,-0.165156983249342,-1.13289009751218,4.76681109592986,0.00507189414403624,4.77764363237905,0,4.7180571745673,4.92854458502398,4.92693247732004,0,0,0,4.66334291450262,0,4.75948959114405,4.94185544093481,4.93999764457607,0,0,4.76780054728328
"my_estimates.51",-3.18953950193237,0.503789728924974,4.31440110589083,0.104256410894491,5.0489740167144,5.07620619641067,5.00832128303055,0.0722097102084134,0.657607184906718,1.84710180555496,0,4.7986503924733,0,4.98071344398144,4.89869437006428,4.94005839607149,0,0,0,4.65401442416065,0.02571593905627,4.75157463616905,4.89880318524277,4.91264282566372,0,0,4.93926057732076
"my_estimates.52",-3.50311807686413,0.539372934040798,4.56049260220984,0.0198949847711282,5.08232931539597,5.08869088220278,4.9747768896325,0.232825660653849,0.248342756510493,2.16424951909432,0,4.90775935233591,0,4.86030386302782,4.98467285400105,4.97008515775222,0,0,0,4.8303304910563,0.00839349159218073,4.70274099846578,4.94997504685263,4.92616666984246,0,0,4.90821016217169
"my_estimates.53",0.0285478191276018,0.04394882494136,5.73736243619357,-0.805098774700383,5.37088929619965,5.06471102441702,4.99417941629271,0.220993550463728,-0.995214914342762,2.57940098294491,0,4.75381539231679,0.0406872541621598,4.8672022188866,4.94598026328619,4.97360139928884,0,0,0,4.83382333429685,0,4.7903029169124,4.88697267840544,4.9470714928386,0,0,3.82655682332436
"my_estimates.54",-11.4623245845633,-0.677854388680103,6.61111531213164,-0.902484970773622,5.91537701025123,4.93693342746165,4.95625203418908,0.430174422336153,-0.0257963705847494,4.27927506056192,0,4.77647240874363,8.52135133311932e-05,4.78591282923647,4.96065085725409,4.90026118540926,0,0,0,4.77539404910061,0,4.84689340741163,4.94348398016259,4.93467430365394,0,0,3.4891835430338
"my_estimates.55",-3.64226926829457,-0.0632986941350852,5.52032185720006,-0.624669856644587,5.16968239376796,4.95688252206579,5.04278052273341,0.217258904193468,0.202666618366131,4.52645164488469,0,4.59773758291756,0.109355511049626,4.7728607347177,4.86161589580166,4.93650331329126,0,0,0,4.63140999447065,0.136252588114942,4.64965280512009,4.89790016300546,4.92929630830747,0,0,5.63503331585715
"my_estimates.56",-11.1110875660553,0.291209818048629,5.31754625986433,-0.162353494003408,5.71624880878677,4.87778374982867,5.02970608507972,-0.160637755619537,0.495193810584454,2.7457499584232,0,4.69392286844606,0,4.92077863780416,4.95415877540889,4.97759683929889,0,0,0,4.74358742936237,0,4.81386492724612,4.95280208852312,4.93682624316556,0,0,3.81514763652252
"my_estimates.57",1.77528898944335,0.275313933472371,6.06911714842827,-1.56011390657896,5.03558256909545,4.97595274682684,5.03525299661452,0.221305642638104,-0.433251017060242,4.08524697756263,0,4.63206037226881,0.0800965820509016,4.82464791235885,4.91769377276401,4.93360715199152,0,0,0,4.81307042813066,0,4.5970294079255,4.87902562849526,4.92838474413849,0,0,5.79622448548133
"my_estimates.58",2.50252802285752,-0.940814941626592,6.88575632077778,-1.03700506996813,4.99762152787731,5.03289983458905,5.08482298149496,-0.205649540440955,-0.651683385198376,3.13027435174377,0,4.75327318772877,0.0757006712673047,4.86514971759649,4.92924931589601,4.93929440054766,0,0,0,4.70229029750974,0,4.96773570938876,4.93714960192884,4.93743533574666,0,0,2.84763137756439
"my_estimates.59",5.02463942002105,0.427059673127392,4.04564471277835,0.768652226747164,4.64697290003355,4.90234914425938,5.153438780364,-0.233383581511907,-0.490913043131076,4.72629211308904,0,4.76111169685713,0,4.71592933928119,4.95194993237511,4.95882773453744,0,0,0,4.76214864052074,0,4.72317515874037,4.88486434075583,4.92988555184646,0,0,5.12033235257359
"my_estimates.60",2.22919887983274,0.0157205726061361,4.93857539247376,-0.0628791162718604,4.93805975832174,5.08380175852765,4.96293806274397,0.0283599585867933,-0.292592455814947,4.35771149838537,0,4.81839270302384,0,4.74682722760344,4.9244916058767,4.89277056852352,0,0,0,4.70491267155609,0,4.8728000575146,4.91021259412891,4.88973426707886,0,0,3.91238537170922
"my_estimates.61",-2.37135838290597,0.960982367505489,3.71100406768676,0.441167416238762,4.75180414160774,5.10313293532392,5.03101875466333,0.00855412653027028,1.0510215857852,3.9046393257129,0.0735449280250057,4.79198176458037,0,4.78543058710338,4.93571055702428,4.91746478388323,0,0,0,4.78259975257749,0,4.80943515674641,4.93181434918341,4.90461615606663,0,0,4.01001544935119
"my_estimates.62",-1.75764355391127,1.17163953226477,2.63386868917088,1.48278589583518,4.84334442502364,5.07534304647441,4.98517728373352,0.0519502161482187,0.466727972638021,2.25322735410944,0.13031666080654,4.7076861203244,0,4.90310583017267,4.95470780712834,4.95673949736075,0,-0.0132116104854051,0.00255109270768456,4.77360096184686,0,4.72197421243852,4.89885516761624,4.91931859092891,0,0,5.10533136127716
"my_estimates.63",3.4587341741639,0.0705283342294406,3.9416619197212,1.02555317438229,4.74410689331932,4.9684271008334,4.93570931528255,-0.0194406237489505,-0.145446179463414,4.44918553670458,0,4.56976313618641,0.0899282904026154,4.82894163351458,4.90077430262414,4.9219289068111,0,0,0.082822054295825,4.54838978085366,0,4.59103055452477,4.94531194373822,4.92539566791214,0,0,7.04011446391478
"my_estimates.64",0.123754704735118,-0.085352523855867,5.52395530815279,-0.293259041908902,5.70085886427428,5.07637395842835,5.0109798270749,-0.201549375917016,-1.37084800504623,4.50143557283446,0,4.82228022847822,0,4.67692182552507,4.95692665171491,4.93289014409753,0,0,0,4.50096014396403,0,4.83850946770409,4.89608235854081,4.92396049703785,0,0,5.40197981289153
"my_estimates.65",-4.47036243024679,0.224448136029264,5.40692399904369,-0.444309217261084,5.2307014575421,4.957909421644,4.97080806895621,0.159583185612129,0.054625334598342,3.9512019563126,0,4.82853908367868,0,4.7518910049132,4.95520222026848,4.94681849832909,0,0,0,4.28823648898008,0.338118943566718,4.66382934783724,4.89149812099677,4.98496127742585,0,0,5.68193409898173
"my_estimates.66",-12.2956218072886,-0.371475705057635,5.96634934269977,-0.415394406028987,5.20951452333642,5.08944670040726,5.0437596841623,-0.374997605225963,1.7451593716578,3.68773152964314,0,4.7142685943458,0,4.82244272316717,4.91861515988097,4.96588537442284,0,0,0,4.60671930189786,0,4.67937453233487,4.89796904393212,4.93289892626421,0,0,5.87245060239656
"my_estimates.67",1.43725099304531,0.188764510866213,2.97606999599509,1.48966751209859,5.0632634480933,5.07707011067149,4.99358483862508,0.16494227194909,-0.231648274096578,3.66410016606932,0,4.76884100881043,0,4.79562772432178,4.9344454445904,4.95252511843757,0,0,0,4.65382194646653,0,4.6480424287762,4.95075134429306,4.93676083305481,0,0,5.86562674231929
"my_estimates.68",-1.9798278667596,0.804880960947017,4.46090234640747,0.00748076546829147,5.18694852382039,5.02854174139332,4.97282550948756,-0.0339527063381332,0.00307686816442433,5.02277485599076,0.103891383623039,4.62258110976895,0,4.74231166436764,4.91008312465746,4.91062174178957,0,0,0,4.59898296549476,0,4.65345940065341,4.8797777651651,4.90966213310249,0,0,6.41971637153272
"my_estimates.69",6.3660062695202,-1.01784234484341,5.2195508819116,0.393290733207286,4.94442968020067,4.91292856904408,4.91691020377953,0.200541687749193,-0.764068262140676,6.11876327115962,3.40877301528331e-06,4.75587751693287,0,4.59543766139314,4.9151653454892,4.95184375633243,0,0,0.157879092564083,4.5954199814175,0,4.74465253655659,4.9550874660174,4.93878463275877,0,0,4.80020543576949
"my_estimates.70",-0.76888965906652,0.800663930187947,3.35092663610179,0.328125303984346,5.18447281342986,5.15042049273459,4.97251938939787,-0.0305902698645682,0.420212019684706,5.098349074279,0,4.64919928245168,0.0552268773093274,4.72885600048118,4.92930314858637,4.95379440735722,0,0,0,4.61954582599988,0,4.79504109137648,4.91001249927412,4.91960173110728,0,0,4.88452007151106
"my_estimates.71",11.9248477411725,-0.0682230658832867,5.22548695095841,-0.411362052985094,4.39317351487645,4.94667971213351,4.92150650462526,-0.249879585965901,-0.505435535178947,6.30551402684737,0.0846202217203918,4.65526015197535,0,4.59526874542896,4.92028581493804,4.94823050604281,0,0,0.0704156990959182,4.72480612867764,0,4.74376717500149,4.91908772608497,4.90123693721607,0,0,4.51271742078911
"my_estimates.72",1.54219116842338,0.320481577530192,4.83052030765573,0.137510363438786,4.45236691413163,4.93222826374604,4.99606039430067,-0.168292459051787,0.747967078261747,4.05822506248825,0,4.70222887241172,0,4.83934210978511,4.92255940123574,4.91115433097373,0,0,0,4.76412587347229,0,4.69355268651249,4.96316595530798,4.91003179956536,0,0,5.13270784627384
"my_estimates.73",-10.0552241422662,0.69473034641892,4.07534152448521,0.763867005885021,5.32051586785222,4.98031770156631,4.97000065460558,0.112787366512251,1.04890106753432,4.40636472759039,0,4.68188796927265,0,4.80544704980252,4.93433814561706,4.91351554917777,0,0,0.0227736517901944,4.92005820832646,0,5.00198406996498,4.91965410791962,4.92066354994913,0,0,1.11846662679486
"my_estimates.74",2.79502054449374,-0.216580149637879,5.97952315114849,-1.10540142781995,4.86962421272809,5.01573743137286,4.94796280616919,0.0215338622423676,-0.0913948542776976,3.66500122076775,0,4.67484882136601,0,4.8656621507757,4.94366858500195,4.94846088556988,0,0,0.0573538278742067,4.52052696804649,0.112574988594292,4.67113994470036,4.90128361602079,4.9383050602594,0,0,5.96144745118381
"my_estimates.75",3.47081050336536,-1.29700812395168,8.27943164430755,-2.27012096973115,4.74280803878453,5.18390044926708,5.01151944973984,-0.168470970786875,-0.0131692531321999,4.4981495858005,0,4.58032584686881,0.147576447844679,4.75909365145194,4.93465620249638,4.92899310608794,0,0,0,4.82833152656784,0,4.81627842882512,4.90363150771769,4.94052964074713,0,0,3.60582401159616
"my_estimates.76",5.84977944996176,0.174813284180457,5.45073486262511,-0.76265431653469,4.25387178938896,5.02948254283109,4.87177682886916,0.182536861741765,0.65886768171907,2.96612373655951,0,4.72517280634505,0,4.87239203693346,4.93977388121754,4.98435289163959,0,0,0.0152498507164678,4.87479292008683,0,4.75688558968362,4.9190126491216,4.94988535759695,0,0,3.63815526163893
"my_estimates.77",-1.30177839962092,-0.456066167146021,5.32658207805881,0.235475255696114,4.91630147096217,4.88475745401966,4.93149917189736,-0.285304354490569,0.549765894603506,3.01934460355164,0,4.40788118102635,0.487845963463649,4.82289193730734,4.95604202325308,4.89391459397213,0,0,0.194966603188578,4.6398143203974,0,4.79495994358133,4.94753120787788,4.9569849609178,0,0,3.69797432563552
"my_estimates.78",-3.70963062095165,0.419221898719623,4.51447541207629,-0.0905018514029532,5.01004080093742,4.94055889164866,5.02092445841717,0.193786081468774,0.663821290686669,3.34391168144396,0,4.91161656879492,0,4.77457872199344,4.89435492963171,4.95138578756894,0,0,0,4.79465639206664,0,4.65855148259229,4.88530242545082,4.96121358054731,0,0,5.25614418754764
"my_estimates.79",2.16472383992418,-0.535236745804962,6.38245193306675,-0.935419313274266,5.25958009407486,4.87512644887666,4.96343305466807,-0.280566882065308,-0.656663981410192,3.28126535655639,0.125587741196612,4.76625052027272,0,4.80359848655427,5.01726934472268,4.92280569827655,0,0,0,4.68984365996103,0,4.57481693028034,4.88901536074682,4.91994788126893,0,0,6.56924875773192
"my_estimates.80",4.17920666979928,-1.01253930427954,7.03898739026108,-1.48041481102364,4.83626916261912,4.80128457778729,4.90353120584011,0.231122954254441,0.0313019132491629,1.92496961558615,0,4.71838985089158,0.109790749242078,4.882948489226,4.94288229568097,4.97418441913338,0,0,0,4.75630103340049,0.0129720183999647,4.72375378294601,4.92285717881259,4.91769305317752,0,0,4.84376859516248
"my_estimates.81",-2.39305408053264,0.189368864273667,3.04051105021917,1.72713938222578,5.38070389984489,5.12596138214399,5.07467083051192,0.131642824999631,-0.404937230531256,5.64200979599424,0,4.66721962280143,0,4.67243632059467,4.92511834940888,4.94041122829231,0,0,0,4.68616817641095,0,4.74209308089751,4.92618745079152,4.93302766836658,0,0,5.09424098598401
"my_estimates.82",-7.07843056643766,-0.220396188306503,5.48516698472628,-0.427145673811896,5.42819819351121,4.9531426036785,4.90477373473492,-0.0680847487886464,0.812032009093344,4.07643205408089,0,4.71682075768427,0.123916050727353,4.78189732080626,4.91606845628929,4.92347589101646,0,0,0,4.70650086468093,0,4.68577135120384,4.9434842392966,4.91665514453545,0,0,5.15756266654506
"my_estimates.83",0.423772187916821,0.259381124838453,4.41653943655282,0.310937620977202,4.8553442702146,5.00274570945528,4.99604476192728,-0.0216765393411271,0.439622969224639,3.39682187880735,0,4.82438540154114,0,4.82258594865317,4.90628068621309,4.92001159370019,0,0,0,4.83088774494216,0,4.84627758544342,4.94341681132,4.94190214027607,0,0,2.81984329296075
"my_estimates.84",-1.87682393324744,-0.499928471866604,6.72868283659144,-0.876618757108842,4.75684559785717,5.20658222895067,5.00852865367503,0.417453975722997,0.0305201242536954,3.01677815703434,0,4.81557879385159,0,4.84633240214125,4.98133933840609,4.93594855819386,0,0,0,4.63793626909534,0,4.71817607119097,4.90380807241673,4.88901743312546,0,0,5.49243161935848
"my_estimates.85",3.57267617395754,0.2289106122576,5.23249261139082,0.205357780543709,4.58775647628818,4.89845936699618,4.89899237289813,0.332324968839103,-0.311048350371291,2.20850761183578,0,4.74209210644699,0,4.92589570470744,4.94287944445254,4.9485328316162,0,0,0.0913048243165715,4.74247032301278,0,4.78817769963079,4.94035150893233,4.92683894775686,0,0,3.78068357594656
"my_estimates.86",-0.0559088975714467,-0.576877464364345,4.92714996437989,0.195053671563968,5.44637772881438,4.96620399750229,4.95952716602058,-0.309174803458744,-0.66360107998638,2.33064070826145,0.0999347724667402,4.74904529894938,0,4.88309232189451,4.94437991027582,4.95711932238255,0.000304146914320696,0,0.0114375904524043,4.62777902415757,0,4.83511136499524,4.94162605091094,4.97449607163212,0,0,3.80820375115002
"my_estimates.87",-3.78671163485162,-0.931486284349451,6.55531051109504,-1.19891873208049,5.50141455299244,5.09746166714566,5.03017503255227,0.0200216340287419,0.0360375713041766,4.62687116365613,0,4.80703493469035,0,4.7164198527936,4.92552508734585,4.94594243103309,0,0,0.104827920348634,4.72693510220504,0,5.0117625430107,4.90798959890381,4.93527831178158,0,0,1.71421127235085
"my_estimates.88",-4.00499150627898,0.16726166910649,5.90104480511222,-0.719654281194924,5.14944080615512,5.17063472734826,4.93860487705799,0.00598641601834075,0.191069829115432,2.94083009784956,0.038774899839367,4.83781699257175,0,4.83937291239146,4.99268740785124,4.90070600776707,0,0,0,4.63149578361016,0.199008984605487,4.60531828680259,4.89332817511913,4.88202306812897,0,0,6.00495071902511
"my_estimates.89",-0.0655616463834974,-0.562385555144574,6.30824764697423,-0.949973583876341,5.26472038568081,5.05129128947034,4.98939596727639,-0.347677420879318,-0.304156662079363,4.08344751694901,0,4.6800901372281,0,4.76507461342014,4.9278783181035,4.94944893212147,0,0,0,4.62924215247807,0,4.8353690610751,4.88585702143592,4.89999078097209,0,0,4.88928714312047
"my_estimates.90",-2.37830395234206,-0.295698567254852,5.30624077943883,-0.382043774818759,5.22075449150259,5.01276962148381,4.9703597366434,0.487702097426261,0.194727371710676,3.25396334499863,0,4.61144917781349,0,4.92158966044244,4.93678349004583,4.93926100055527,0,0,0,4.64723542166513,0,4.7011801948604,4.89848488721364,4.93680963520709,0,0,5.26997191311655
"my_estimates.91",1.89346424395289,-0.7133467941827,4.8231785589569,0.258430426727953,5.43522196277418,5.04398600487418,4.86044344670965,0.0452649375439235,-0.528105669858492,4.66802853074359,0.00137185366311615,4.61151890252815,0,4.78365885625719,4.94001975039119,4.97264063355053,0,0,0,4.5742010033307,0.172161461264726,4.6187244269395,4.90015104600393,4.89536048565533,0,0,6.36191503082983
"my_estimates.92",2.71579184340793,1.109401042336,3.97228799362311,0.0297535648312807,5.04933429322958,5.1541479729636,4.95805073203437,0.118678311713798,-0.926235578315481,4.10228985018887,0,4.73204735018844,0,4.77081405458081,4.90635221480968,4.9646635103357,0,0,0,4.83585632352833,0,4.84637210754802,4.95146314609089,4.95210961923223,0,0,3.19796817448815
"my_estimates.93",0.639093364396867,0.0682792909418208,4.51318329407309,0.408123050102062,4.87732115635151,4.96421389165107,4.93331516115531,-0.190529105025116,0.290425382574858,4.03760765271443,0,4.82601466265816,0,4.71099274511559,4.9501799030873,4.9502640549536,0,0,0,4.66889164160404,0,4.83952159525306,4.92137711446545,4.90106468523735,0,0,4.30932201889727
"my_estimates.94",2.56975559298627,-0.0375762714524653,6.13138541146009,-0.804105398498974,4.8717108708885,4.93847936397915,4.98597056290741,0.0184519310632262,-0.21966920648907,3.01755734505233,0,4.75533409748961,0,4.88806928846119,4.94380840564842,4.93797904132572,0,0,0,4.77055896399941,0,4.81206266095668,4.96668850416129,4.96219357198448,0,0,3.75130821882102
"my_estimates.95",16.0198739832208,-0.438565386598725,4.66828606978796,-0.46681625878068,4.48643992512294,4.7886180441905,4.96655349925914,-0.133418206128201,-0.631299198041165,1.66252716479538,0,4.7450995699761,0.00839486538511074,4.98473093169649,4.98303791520271,4.9579367651705,0,0,0,4.54747595055569,0.115572728342577,4.78392380728619,4.9024722535705,4.93716335054833,0,0,4.33217277628269
"my_estimates.96",8.57374932401246,-1.37299105594987,5.40021615283169,0.622076717485439,4.40023141235508,5.17532916800207,4.88391297965882,0.346321228702645,-0.56667694327139,5.34066444142637,0,4.67438233676054,0,4.70673332331817,4.93933176779398,4.95393130088995,0,0,0,4.63667969641074,0,4.76871199215818,4.89637962663518,4.94636298412708,0,0,4.78308937767041
"my_estimates.97",9.21664524032626,0.512728068727285,5.89973028973516,-1.42077786418704,4.55452812114555,4.96700547619354,4.95162912927042,0.154507003779099,-0.594599211289434,2.3807080073743,0.215318438598979,4.70018147198729,0,4.8719751159611,4.93709588408213,4.9521056346007,0,0,0,4.82822902222384,0,4.71124949858295,4.90016139463008,4.94218891059831,0,0,4.23929160566877
"my_estimates.98",1.42400341551213,0.37773004777077,3.76014784860287,0.937927897420754,4.9019361891224,4.90661489291006,4.86167620475521,-0.210431163697721,0.32023018682281,4.43598039207763,0,4.6588163340497,0.0182135457577025,4.79625754153064,4.89935312168309,4.94877514562525,0,0,0,4.81861165277694,0,4.93243145595638,4.91559397215713,4.92504608731484,0,0,2.34586927769972
"my_estimates.99",4.50284934820233,0.588720031893295,4.37558838684942,0.182322801687736,5.07691897359531,4.99971359111326,4.96540758998025,-0.0563554270390061,-1.16218740442754,3.84214173405315,0,4.63498986375124,0.220388398137591,4.77508937393561,4.94022004602939,4.92516564888805,0,0,0,4.7965814088258,0,4.79292112965727,4.93078398633935,4.9349177312807,0,0,3.74913733003068
"my_estimates.100",4.11926402065452,-0.300916807196807,5.98369622289715,-0.656772123701117,4.7411991444814,5.03784535570044,4.85746679976256,0.00879051564264949,-0.305351705251107,2.95312966242547,0,4.70367131466815,0,4.89197270402441,4.93219414154009,4.9344842316497,0,0,0,4.54271565129993,0.185169670885709,4.7959077149627,4.93658312988198,4.93358636735961,0,0,3.85100431224766
